-- ==========================================
-- 0. 新增最終評價日欄位 (若欄位已存在可略過)
-- ==========================================
ALTER TABLE ELN_PRODUCT ADD FINAL_VALUATION_DATE DATE;

-- ==========================================
-- 1. 寫入結構型商品主檔 (ELN_PRODUCT)
-- ==========================================
INSERT INTO ELN_PRODUCT (BOND_ID, TRADE_DATE, PROD_TYPE, IB, CURRENCY, TENOR, ISSUE_DATE, UF_PCT, STRIKE_PRICE, KO_PRICE, KO_TYPE, YIELD_PCT, KI_PRICE, KI_TYPE)
VALUES ('FCN-20260109-01', TO_DATE('2025/07/01', 'yyyy/mm/dd'), 'FCN', 'UBS', 'USD', '7M', TO_DATE('2026/01/09', 'yyyy/mm/dd'), 3.0, 75, 100, 'Daily Memory', 9.79, 65, 'AKI');

INSERT INTO ELN_PRODUCT (BOND_ID, TRADE_DATE, PROD_TYPE, IB, CURRENCY, TENOR, ISSUE_DATE, UF_PCT, STRIKE_PRICE, KO_PRICE, KO_TYPE, YIELD_PCT, KI_PRICE, KI_TYPE)
VALUES ('FCN-20260107-02', TO_DATE('2025/07/02', 'yyyy/mm/dd'), 'FCN', 'BBVA', 'USD', '7M', TO_DATE('2026/01/07', 'yyyy/mm/dd'), 3.0, 73, 100, 'NC2M', 12.00, 70, 'AKI');

INSERT INTO ELN_PRODUCT (BOND_ID, TRADE_DATE, PROD_TYPE, IB, CURRENCY, TENOR, ISSUE_DATE, UF_PCT, STRIKE_PRICE, KO_PRICE, KO_TYPE, YIELD_PCT, KI_PRICE, KI_TYPE)
VALUES ('FCN-20260107-03', TO_DATE('2025/07/03', 'yyyy/mm/dd'), 'FCN', 'NATIXIS', 'USD', '4M', TO_DATE('2026/01/07', 'yyyy/mm/dd'), 2.5, 73.3, 100, 'Daily Memory', 15.00, 70, 'AKI');


-- ==========================================
-- 2. 寫入標的明細檔 (ELN_UNDERLYING)
-- ==========================================
-- 商品 1 的標的
INSERT INTO ELN_UNDERLYING (BOND_ID, TICKER, ENTRY_PRICE) VALUES ('FCN-20260109-01', 'PLTR', 167.86);
INSERT INTO ELN_UNDERLYING (BOND_ID, TICKER, ENTRY_PRICE) VALUES ('FCN-20260109-01', 'AVGO', 347.62);
INSERT INTO ELN_UNDERLYING (BOND_ID, TICKER, ENTRY_PRICE) VALUES ('FCN-20260109-01', 'NVDA', 188.85);

-- 商品 2 的標的
INSERT INTO ELN_UNDERLYING (BOND_ID, TICKER, ENTRY_PRICE) VALUES ('FCN-20260107-02', 'GOOG', 313.80);
INSERT INTO ELN_UNDERLYING (BOND_ID, TICKER, ENTRY_PRICE) VALUES ('FCN-20260107-02', 'AVGO', 346.10);
INSERT INTO ELN_UNDERLYING (BOND_ID, TICKER, ENTRY_PRICE) VALUES ('FCN-20260107-02', 'TSLA', 449.72);

-- 商品 3 的標的
INSERT INTO ELN_UNDERLYING (BOND_ID, TICKER, ENTRY_PRICE) VALUES ('FCN-20260107-03', 'MU', 285.41);
INSERT INTO ELN_UNDERLYING (BOND_ID, TICKER, ENTRY_PRICE) VALUES ('FCN-20260107-03', 'AVGO', 346.10);
INSERT INTO ELN_UNDERLYING (BOND_ID, TICKER, ENTRY_PRICE) VALUES ('FCN-20260107-03', 'TSLA', 449.72);


-- ==========================================
-- 3. 寫入理專關聯檔 (ELN_RM_MAPPING)
-- ==========================================
INSERT INTO ELN_RM_MAPPING (BOND_ID, RM_ID) VALUES ('FCN-20260109-01', 'RM001');
INSERT INTO ELN_RM_MAPPING (BOND_ID, RM_ID) VALUES ('FCN-20260109-01', 'RM005'); -- 模擬共同掛名
INSERT INTO ELN_RM_MAPPING (BOND_ID, RM_ID) VALUES ('FCN-20260107-02', 'RM002');
INSERT INTO ELN_RM_MAPPING (BOND_ID, RM_ID) VALUES ('FCN-20260107-03', 'RM001');


-- ==========================================
-- 4. 寫入最新即時報價檔 (ELN_PRICE_MONITOR)
-- ==========================================
-- 這些資料通常是 Python 每天爬蟲覆蓋寫入的
INSERT INTO ELN_PRICE_MONITOR (TICKER, CURRENT_PRICE) VALUES ('PLTR', 180.50);  -- 獲利
INSERT INTO ELN_PRICE_MONITOR (TICKER, CURRENT_PRICE) VALUES ('NVDA', 200.10);  -- 獲利
INSERT INTO ELN_PRICE_MONITOR (TICKER, CURRENT_PRICE) VALUES ('GOOG', 300.00);  -- 小虧
INSERT INTO ELN_PRICE_MONITOR (TICKER, CURRENT_PRICE) VALUES ('AVGO', 330.50);  -- 小虧
INSERT INTO ELN_PRICE_MONITOR (TICKER, CURRENT_PRICE) VALUES ('TSLA', 430.00);  -- 小虧
INSERT INTO ELN_PRICE_MONITOR (TICKER, CURRENT_PRICE) VALUES ('MU', 200.00);    -- 大虧，現價跌破 10%


-- ==========================================
-- 5. 寫入歷史報價檔 (ELN_PRICE_HISTORY)
-- ==========================================
-- 模擬 MU (美光) 在發行日 (2026/01/07) 之後，某天曾經暴跌觸發 KI
-- 它的進場價是 285.41，KI 是 70%，所以 KI 價格門檻大約是 199.78
-- 我們塞一筆低於這個門檻的歷史資料來觸發 AKI 警示
INSERT INTO ELN_PRICE_HISTORY (TICKER, PRICE_DATE, CLOSE_PRICE) 
VALUES ('MU', TO_DATE('2026/02/15', 'yyyy/mm/dd'), 190.50); 

-- 塞幾筆正常的歷史資料作為對照
INSERT INTO ELN_PRICE_HISTORY (TICKER, PRICE_DATE, CLOSE_PRICE) 
VALUES ('GOOG', TO_DATE('2026/02/15', 'yyyy/mm/dd'), 310.00);
INSERT INTO ELN_PRICE_HISTORY (TICKER, PRICE_DATE, CLOSE_PRICE) 
VALUES ('TSLA', TO_DATE('2026/02/15', 'yyyy/mm/dd'), 440.00);

-- 提交交易
COMMIT;