-- ==========================================
-- 0. Schema 擴充 (若欄位已存在可略過)
-- ==========================================
ALTER TABLE ELN_PRODUCT ADD FINAL_VALUATION_DATE DATE;
ALTER TABLE ELN_PRODUCT ADD MATURITY_DATE DATE;
ALTER TABLE ELN_PRODUCT ADD LOCKOUT_PERIOD VARCHAR2(10);  -- 閉鎖期，格式 NC_M（如 NC2M），空白代表無閉鎖

ALTER TABLE ELN_UNDERLYING ADD (
    KO_DATE DATE,
    KI_DATE DATE
);

-- ==========================================
-- 1. 寫入結構型商品主檔 (ELN_PRODUCT)
-- ==========================================
INSERT INTO ELN_PRODUCT (BOND_ID, TRADE_DATE, PROD_TYPE, IB, CURRENCY, TENOR, ISSUE_DATE, UF_PCT, STRIKE_PRICE, KO_PRICE, KO_TYPE, LOCKOUT_PERIOD, YIELD_PCT, KI_PRICE, KI_TYPE, FINAL_VALUATION_DATE, MATURITY_DATE)
VALUES ('FCN-20260109-01', TO_DATE('2026/01/02', 'yyyy/mm/dd'), 'FCN', 'UBS', 'USD', '7', TO_DATE('2026/01/09', 'yyyy/mm/dd'), 3.0, 75, 100, 'Daily Memory', NULL, 9.79, 65, 'AKI', TO_DATE('2026/08/10', 'yyyy/mm/dd'), TO_DATE('2026/08/13', 'yyyy/mm/dd'));

INSERT INTO ELN_PRODUCT (BOND_ID, TRADE_DATE, PROD_TYPE, IB, CURRENCY, TENOR, ISSUE_DATE, UF_PCT, STRIKE_PRICE, KO_PRICE, KO_TYPE, LOCKOUT_PERIOD, YIELD_PCT, KI_PRICE, KI_TYPE, FINAL_VALUATION_DATE, MATURITY_DATE)
VALUES ('FCN-20260107-02', TO_DATE('2025/12/31', 'yyyy/mm/dd'), 'FCN', 'BBVA', 'USD', '7', TO_DATE('2026/01/07', 'yyyy/mm/dd'), 3.0, 73, 100, 'Daily Memory', 'NC2M', 12.00, 70, 'AKI', TO_DATE('2026/08/07', 'yyyy/mm/dd'), TO_DATE('2026/08/11', 'yyyy/mm/dd'));

INSERT INTO ELN_PRODUCT (BOND_ID, TRADE_DATE, PROD_TYPE, IB, CURRENCY, TENOR, ISSUE_DATE, UF_PCT, STRIKE_PRICE, KO_PRICE, KO_TYPE, LOCKOUT_PERIOD, YIELD_PCT, KI_PRICE, KI_TYPE, FINAL_VALUATION_DATE, MATURITY_DATE)
VALUES ('FCN-20260107-03', TO_DATE('2025/07/03', 'yyyy/mm/dd'), 'FCN', 'NATIXIS', 'USD', '4', TO_DATE('2026/01/07', 'yyyy/mm/dd'), 2.5, 73.3, 100, 'Daily Memory', 'NC3M', 15.00, 70, 'AKI', TO_DATE('2026/05/07', 'yyyy/mm/dd'), TO_DATE('2026/05/10', 'yyyy/mm/dd'));


-- ==========================================
-- 2. 寫入標的明細檔 (ELN_UNDERLYING)
-- ==========================================
-- 商品 1 的標的
INSERT INTO ELN_UNDERLYING (BOND_ID, TICKER, ENTRY_PRICE) VALUES ('FCN-20260109-01', 'PLTR', 167.86);
INSERT INTO ELN_UNDERLYING (BOND_ID, TICKER, ENTRY_PRICE) VALUES ('FCN-20260109-01', 'AVGO', 347.62);
INSERT INTO ELN_UNDERLYING (BOND_ID, TICKER, ENTRY_PRICE) VALUES ('FCN-20260109-01', 'NVDA', 188.85);

-- 商品 2 的標的
INSERT INTO ELN_UNDERLYING (BOND_ID, TICKER, ENTRY_PRICE) VALUES ('FCN-20260107-02', 'GOOG', 313.80);
INSERT INTO ELN_UNDERLYING (BOND_ID, TICKER, ENTRY_PRICE) VALUES ('FCN-20260107-02', 'AVGO', 346.10);
INSERT INTO ELN_UNDERLYING (BOND_ID, TICKER, ENTRY_PRICE) VALUES ('FCN-20260107-02', 'TSLA', 449.72);

-- 商品 3 的標的
INSERT INTO ELN_UNDERLYING (BOND_ID, TICKER, ENTRY_PRICE) VALUES ('FCN-20260107-03', 'MU', 285.41);
INSERT INTO ELN_UNDERLYING (BOND_ID, TICKER, ENTRY_PRICE) VALUES ('FCN-20260107-03', 'AVGO', 346.10);
INSERT INTO ELN_UNDERLYING (BOND_ID, TICKER, ENTRY_PRICE) VALUES ('FCN-20260107-03', 'TSLA', 449.72);


-- ==========================================
-- 3. 寫入理專關聯檔 (ELN_RM_MAPPING)
-- ==========================================
INSERT INTO ELN_RM_MAPPING (BOND_ID, RM_ID) VALUES ('FCN-20260109-01', 'RM001');
INSERT INTO ELN_RM_MAPPING (BOND_ID, RM_ID) VALUES ('FCN-20260109-01', 'RM005'); -- 模擬共同掛名
INSERT INTO ELN_RM_MAPPING (BOND_ID, RM_ID) VALUES ('FCN-20260107-02', 'RM002');
INSERT INTO ELN_RM_MAPPING (BOND_ID, RM_ID) VALUES ('FCN-20260107-03', 'RM001');


-- ==========================================
-- 4. 寫入最新即時報價檔 (ELN_PRICE_MONITOR)
-- ==========================================
-- 這些資料通常是 Python 每天爬蟲覆蓋寫入的
INSERT INTO ELN_PRICE_MONITOR (TICKER, CURRENT_PRICE) VALUES ('PLTR', 180.50);  -- 獲利
INSERT INTO ELN_PRICE_MONITOR (TICKER, CURRENT_PRICE) VALUES ('NVDA', 200.10);  -- 獲利
INSERT INTO ELN_PRICE_MONITOR (TICKER, CURRENT_PRICE) VALUES ('GOOG', 300.00);  -- 小虧
INSERT INTO ELN_PRICE_MONITOR (TICKER, CURRENT_PRICE) VALUES ('AVGO', 330.50);  -- 小虧
INSERT INTO ELN_PRICE_MONITOR (TICKER, CURRENT_PRICE) VALUES ('TSLA', 430.00);  -- 小虧
INSERT INTO ELN_PRICE_MONITOR (TICKER, CURRENT_PRICE) VALUES ('MU', 200.00);    -- 大虧，現價跌破 10%


-- ==========================================
-- 5. 寫入歷史報價檔 (ELN_PRICE_HISTORY)
-- ==========================================
-- 模擬 MU (美光) 在發行日 (2026/01/07) 之後，某天曾經暴跌觸發 KI
-- 它的進場價是 285.41，KI 是 70%，所以 KI 價格門檻大約是 199.78
-- 我們塞一筆低於這個門檻的歷史資料來觸發 AKI 警示
INSERT INTO ELN_PRICE_HISTORY (TICKER, PRICE_DATE, CLOSE_PRICE) 
VALUES ('MU', TO_DATE('2026/02/15', 'yyyy/mm/dd'), 190.50); 

-- 正常歷史資料對照
INSERT INTO ELN_PRICE_HISTORY (TICKER, PRICE_DATE, CLOSE_PRICE)
VALUES ('GOOG', TO_DATE('2026/02/15', 'yyyy/mm/dd'), 310.00);
INSERT INTO ELN_PRICE_HISTORY (TICKER, PRICE_DATE, CLOSE_PRICE)
VALUES ('TSLA', TO_DATE('2026/02/15', 'yyyy/mm/dd'), 440.00);

-- PLTR 曾短暫觸及 KO (進場價 167.86，KO_PRICE=100% → 門檻 167.86；以上即觸發)
INSERT INTO ELN_PRICE_HISTORY (TICKER, PRICE_DATE, CLOSE_PRICE)
VALUES ('PLTR', TO_DATE('2026/03/10', 'yyyy/mm/dd'), 180.00);

-- AVGO 正常區間內
INSERT INTO ELN_PRICE_HISTORY (TICKER, PRICE_DATE, CLOSE_PRICE)
VALUES ('AVGO', TO_DATE('2026/02/15', 'yyyy/mm/dd'), 350.00);
INSERT INTO ELN_PRICE_HISTORY (TICKER, PRICE_DATE, CLOSE_PRICE)
VALUES ('AVGO', TO_DATE('2026/03/10', 'yyyy/mm/dd'), 340.00);

-- NVDA 正常
INSERT INTO ELN_PRICE_HISTORY (TICKER, PRICE_DATE, CLOSE_PRICE)
VALUES ('NVDA', TO_DATE('2026/02/15', 'yyyy/mm/dd'), 195.00);

COMMIT;