Ticker,Date,Close_Price
AAPL,2025-10-01,254.964
AAPL,2025-10-02,256.6408
AAPL,2025-10-03,257.5291
AAPL,2025-10-06,256.2017
AAPL,2025-10-07,255.9921
AAPL,2025-10-08,257.5691
AAPL,2025-10-09,253.5567
AAPL,2025-10-10,244.8034
AAPL,2025-10-13,247.1889
AAPL,2025-10-14,247.2986
AAPL,2025-10-15,248.8656
AAPL,2025-10-16,246.9792
AAPL,2025-10-17,251.81
AAPL,2025-10-20,261.7411
AAPL,2025-10-21,262.2701
AAPL,2025-10-22,257.9583
AAPL,2025-10-23,259.0862
AAPL,2025-10-24,262.32
AAPL,2025-10-27,268.2986
AAPL,2025-10-28,268.4883
AAPL,2025-10-29,269.1869
AAPL,2025-10-30,270.8837
AAPL,2025-10-31,269.8557
AAPL,2025-11-03,268.5381
AAPL,2025-11-04,269.5263
AAPL,2025-11-05,269.6261
AAPL,2025-11-06,269.2568
AAPL,2025-11-07,267.9593
AAPL,2025-11-10,269.1781
AAPL,2025-11-11,274.9927
AAPL,2025-11-12,273.2144
AAPL,2025-11-13,272.6949
AAPL,2025-11-14,272.1553
AAPL,2025-11-17,267.21
AAPL,2025-11-18,267.19
AAPL,2025-11-19,268.3089
AAPL,2025-11-20,266.0011
AAPL,2025-11-21,271.2362
AAPL,2025-11-24,275.6621
AAPL,2025-11-25,276.7111
AAPL,2025-11-26,277.2905
AAPL,2025-11-28,278.5893
AAPL,2025-12-01,282.8354
AAPL,2025-12-02,285.9225
AAPL,2025-12-03,283.8844
AAPL,2025-12-04,280.4376
AAPL,2025-12-05,278.5194
AAPL,2025-12-08,277.6302
AAPL,2025-12-09,276.9209
AAPL,2025-12-10,278.5194
AAPL,2025-12-11,277.7701
AAPL,2025-12-12,278.0199
AAPL,2025-12-15,273.8537
AAPL,2025-12-16,274.3533
AAPL,2025-12-17,271.5859
AAPL,2025-12-18,271.9355
AAPL,2025-12-19,273.4142
AAPL,2025-12-22,270.7167
AAPL,2025-12-23,272.1054
AAPL,2025-12-24,273.554
AAPL,2025-12-26,273.1444
AAPL,2025-12-29,273.5041
AAPL,2025-12-30,272.8247
AAPL,2025-12-31,271.6058
AAPL,2026-01-02,270.7567
AAPL,2026-01-05,267.0102
AAPL,2026-01-06,262.1147
AAPL,2026-01-07,260.0866
AAPL,2026-01-08,258.7979
AAPL,2026-01-09,259.1275
AAPL,2026-01-12,260.0067
AAPL,2026-01-13,260.8059
AAPL,2026-01-14,259.717
AAPL,2026-01-15,257.9686
AAPL,2026-01-16,255.2911
AAPL,2026-01-20,246.4694
AAPL,2026-01-21,247.4185
AAPL,2026-01-22,248.1178
AAPL,2026-01-23,247.8081
AAPL,2026-01-26,255.1712
AAPL,2026-01-27,258.0285
AAPL,2026-01-28,256.2003
AAPL,2026-01-29,258.0385
AAPL,2026-01-30,259.2374
AAPL,2026-02-02,269.7576
AAPL,2026-02-03,269.2281
AAPL,2026-02-04,276.2315
AAPL,2026-02-05,275.6521
AAPL,2026-02-06,277.86
AAPL,2026-02-09,274.62
AAPL,2026-02-10,273.68
AAPL,2026-02-11,275.5
AAPL,2026-02-12,261.73
AAPL,2026-02-13,255.78
AAPL,2026-02-17,263.88
AAPL,2026-02-18,264.35
AAPL,2026-02-19,260.58
AAPL,2026-02-20,264.58
AAPL,2026-02-23,266.18
AAPL,2026-02-24,272.14
AAPL,2026-02-25,274.23
AAPL,2026-02-26,272.95
AAPL,2026-02-27,264.18
AAPL,2026-03-02,264.72
AAPL,2026-03-03,263.75
AAPL,2026-03-04,262.52
AAPL,2026-03-05,260.29
AAPL,2026-03-06,257.46
AAPL,2026-03-09,259.88
AAPL,2026-03-10,260.83
AAPL,2026-03-11,260.81
AAPL,2026-03-12,255.76
AAPL,2026-03-13,250.12
AAPL,2026-03-16,252.82
AAPL,2026-03-17,254.23
AAPL,2026-03-18,249.94
AAPL,2026-03-19,248.96
AAPL,2026-03-20,247.99
AAPL,2026-03-23,251.49
AAPL,2026-03-24,251.64
AAPL,2026-03-25,252.62
AAPL,2026-03-26,252.89
AAPL,2026-03-27,248.8
AAPL,2026-03-30,246.63
AAPL,2026-03-31,253.79
AAPL,2026-04-01,255.63
AAPL,2026-04-02,255.92
AAPL,2026-04-06,258.86
AAPL,2026-04-07,253.5
AVGO,2025-10-01,332.0568
AVGO,2025-10-02,336.8276
AVGO,2025-10-03,337.0168
AVGO,2025-10-06,334.1483
AVGO,2025-10-07,335.0647
AVGO,2025-10-08,344.1183
AVGO,2025-10-09,343.6402
AVGO,2025-10-10,323.3318
AVGO,2025-10-13,355.2735
AVGO,2025-10-14,342.7538
AVGO,2025-10-15,349.925
AVGO,2025-10-16,352.7337
AVGO,2025-10-17,347.933
AVGO,2025-10-20,347.8434
AVGO,2025-10-21,341.2897
AVGO,2025-10-22,338.9391
AVGO,2025-10-23,342.9132
AVGO,2025-10-24,352.7138
AVGO,2025-10-27,360.6021
AVGO,2025-10-28,371.4785
AVGO,2025-10-29,384.4365
AVGO,2025-10-30,374.9645
AVGO,2025-10-31,368.1518
AVGO,2025-11-03,361.1001
AVGO,2025-11-04,350.5326
AVGO,2025-11-05,357.5444
AVGO,2025-11-06,354.168
AVGO,2025-11-07,348.0326
AVGO,2025-11-10,356.9568
AVGO,2025-11-11,350.5525
AVGO,2025-11-12,353.7995
AVGO,2025-11-13,338.6204
AVGO,2025-11-14,341.0905
AVGO,2025-11-17,341.2797
AVGO,2025-11-18,339.1383
AVGO,2025-11-19,353.0027
AVGO,2025-11-20,345.4331
AVGO,2025-11-21,338.8395
AVGO,2025-11-24,376.4485
AVGO,2025-11-25,383.4903
AVGO,2025-11-26,395.9801
AVGO,2025-11-28,401.3485
AVGO,2025-12-01,384.536
AVGO,2025-12-02,380.0441
AVGO,2025-12-03,379.0879
AVGO,2025-12-04,379.5063
AVGO,2025-12-05,388.6794
AVGO,2025-12-08,399.496
AVGO,2025-12-09,404.6652
AVGO,2025-12-10,411.3185
AVGO,2025-12-11,404.7449
AVGO,2025-12-12,358.4906
AVGO,2025-12-15,338.4511
AVGO,2025-12-16,339.9351
AVGO,2025-12-17,324.7162
AVGO,2025-12-18,328.5608
AVGO,2025-12-19,338.9989
AVGO,2025-12-22,340.7353
AVGO,2025-12-23,348.5888
AVGO,2025-12-24,349.4869
AVGO,2025-12-26,351.3929
AVGO,2025-12-29,348.6586
AVGO,2025-12-30,349.1176
AVGO,2025-12-31,345.3755
AVGO,2026-01-02,346.8923
AVGO,2026-01-05,342.7011
AVGO,2026-01-06,343.0504
AVGO,2026-01-07,342.7809
AVGO,2026-01-08,331.784
AVGO,2026-01-09,344.2479
AVGO,2026-01-12,351.4727
AVGO,2026-01-13,353.8677
AVGO,2026-01-14,339.1785
AVGO,2026-01-15,342.3019
AVGO,2026-01-16,350.9738
AVGO,2026-01-20,331.9038
AVGO,2026-01-21,328.1117
AVGO,2026-01-22,324.8086
AVGO,2026-01-23,319.38
AVGO,2026-01-26,324.17
AVGO,2026-01-27,332.0934
AVGO,2026-01-28,332.5424
AVGO,2026-01-29,330.0377
AVGO,2026-01-30,330.6065
AVGO,2026-02-02,330.4169
AVGO,2026-02-03,319.6594
AVGO,2026-02-04,307.4052
AVGO,2026-02-05,309.86
AVGO,2026-02-06,332.2231
AVGO,2026-02-09,343.22
AVGO,2026-02-10,339.7274
AVGO,2026-02-11,342.0425
AVGO,2026-02-12,330.4768
AVGO,2026-02-13,324.4893
AVGO,2026-02-17,331.8439
AVGO,2026-02-18,332.8119
AVGO,2026-02-19,333.2908
AVGO,2026-02-20,331.9536
AVGO,2026-02-23,329.6485
AVGO,2026-02-24,324.8086
AVGO,2026-02-25,331.6144
AVGO,2026-02-26,321.0266
AVGO,2026-02-27,318.8811
AVGO,2026-03-02,318.1526
AVGO,2026-03-03,313.183
AVGO,2026-03-04,316.8653
AVGO,2026-03-05,332.0734
AVGO,2026-03-06,329.7882
AVGO,2026-03-09,345.0262
AVGO,2026-03-10,341.8629
AVGO,2026-03-11,340.855
AVGO,2026-03-12,335.2667
AVGO,2026-03-13,321.4856
AVGO,2026-03-16,324.2399
AVGO,2026-03-17,320.6374
AVGO,2026-03-18,315.2686
AVGO,2026-03-19,319.1705
AVGO,2026-03-20,309.86
AVGO,2026-03-23,322.51
AVGO,2026-03-24,318.29
AVGO,2026-03-25,318.81
AVGO,2026-03-26,309.42
AVGO,2026-03-27,300.68
AVGO,2026-03-30,293.41
AVGO,2026-03-31,309.51
AVGO,2026-04-01,313.49
AVGO,2026-04-02,314.55
AVGO,2026-04-06,314.43
AVGO,2026-04-07,333.97
GOOG,2025-10-01,245.2072
GOOG,2025-10-02,246.0959
GOOG,2025-10-03,246.1159
GOOG,2025-10-06,251.1691
GOOG,2025-10-07,246.795
GOOG,2025-10-08,245.1273
GOOG,2025-10-09,241.8817
GOOG,2025-10-10,237.1681
GOOG,2025-10-13,244.3084
GOOG,2025-10-14,245.8563
GOOG,2025-10-15,251.3688
GOOG,2025-10-16,251.5386
GOOG,2025-10-17,253.446
GOOG,2025-10-20,256.6716
GOOG,2025-10-21,250.9993
GOOG,2025-10-22,252.1877
GOOG,2025-10-23,253.386
GOOG,2025-10-24,260.1569
GOOG,2025-10-27,269.5641
GOOG,2025-10-28,268.0661
GOOG,2025-10-29,274.797
GOOG,2025-10-30,281.5179
GOOG,2025-10-31,281.438
GOOG,2025-11-03,283.7349
GOOG,2025-11-04,277.6831
GOOG,2025-11-05,284.364
GOOG,2025-11-06,284.9532
GOOG,2025-11-07,279.3209
GOOG,2025-11-10,290.1961
GOOG,2025-11-11,291.3445
GOOG,2025-11-12,287.0404
GOOG,2025-11-13,278.7416
GOOG,2025-11-14,276.6046
GOOG,2025-11-17,285.2129
GOOG,2025-11-18,284.5737
GOOG,2025-11-19,292.5928
GOOG,2025-11-20,289.5869
GOOG,2025-11-21,299.2438
GOOG,2025-11-24,318.0383
GOOG,2025-11-25,323.2013
GOOG,2025-11-26,319.8458
GOOG,2025-11-28,319.6861
GOOG,2025-12-01,314.6928
GOOG,2025-12-02,315.5916
GOOG,2025-12-03,320.1854
GOOG,2025-12-04,317.9584
GOOG,2025-12-05,321.6534
GOOG,2025-12-08,314.2286
GOOG,2025-12-09,317.5263
GOOG,2025-12-10,320.774
GOOG,2025-12-11,313.4792
GOOG,2025-12-12,310.3014
GOOG,2025-12-15,309.1022
GOOG,2025-12-16,307.5134
GOOG,2025-12-17,297.8502
GOOG,2025-12-18,303.5362
GOOG,2025-12-19,308.3927
GOOG,2025-12-22,311.1108
GOOG,2025-12-23,315.4578
GOOG,2025-12-24,315.4478
GOOG,2025-12-26,314.7383
GOOG,2025-12-29,314.1687
GOOG,2025-12-30,314.3286
GOOG,2025-12-31,313.5791
GOOG,2026-01-02,315.098
GOOG,2026-01-05,317.0966
GOOG,2026-01-06,314.3286
GOOG,2026-01-07,322.203
GOOG,2026-01-08,325.7805
GOOG,2026-01-09,328.9083
GOOG,2026-01-12,332.4958
GOOG,2026-01-13,336.1931
GOOG,2026-01-14,336.0732
GOOG,2026-01-15,332.9255
GOOG,2026-01-16,330.1075
GOOG,2026-01-20,321.9332
GOOG,2026-01-21,328.1488
GOOG,2026-01-22,330.6071
GOOG,2026-01-23,328.1988
GOOG,2026-01-26,333.3552
GOOG,2026-01-27,334.7642
GOOG,2026-01-28,336.0433
GOOG,2026-01-29,338.4216
GOOG,2026-01-30,338.2917
GOOG,2026-02-02,344.6572
GOOG,2026-02-03,340.4602
GOOG,2026-02-04,333.1053
GOOG,2026-02-05,331.0967
GOOG,2026-02-06,322.8726
GOOG,2026-02-09,324.1716
GOOG,2026-02-10,318.4057
GOOG,2026-02-11,311.1108
GOOG,2026-02-12,309.1522
GOOG,2026-02-13,305.8046
GOOG,2026-02-17,302.6068
GOOG,2026-02-18,303.726
GOOG,2026-02-19,303.3463
GOOG,2026-02-20,314.6783
GOOG,2026-02-23,311.4706
GOOG,2026-02-24,310.7011
GOOG,2026-02-25,312.8096
GOOG,2026-02-26,306.9338
GOOG,2026-02-27,311.2108
GOOG,2026-03-02,306.1443
GOOG,2026-03-03,303.3463
GOOG,2026-03-04,303.2364
GOOG,2026-03-05,300.6982
GOOG,2026-03-06,298.09
GOOG,2026-03-09,306.01
GOOG,2026-03-10,306.93
GOOG,2026-03-11,308.42
GOOG,2026-03-12,303.21
GOOG,2026-03-13,301.46
GOOG,2026-03-16,304.42
GOOG,2026-03-17,309.41
GOOG,2026-03-18,306.3
GOOG,2026-03-19,305.73
GOOG,2026-03-20,298.79
GOOG,2026-03-23,299.02
GOOG,2026-03-24,289.2
GOOG,2026-03-25,289.59
GOOG,2026-03-26,280.74
GOOG,2026-03-27,273.76
GOOG,2026-03-30,273.14
GOOG,2026-03-31,286.86
GOOG,2026-04-01,294.9
GOOG,2026-04-02,294.46
GOOG,2026-04-06,297.66
GOOG,2026-04-07,303.93
INTC,2025-10-01,35.94
INTC,2025-10-02,37.3
INTC,2025-10-03,36.83
INTC,2025-10-06,36.59
INTC,2025-10-07,37.17
INTC,2025-10-08,37.43
INTC,2025-10-09,37.8
INTC,2025-10-10,36.37
INTC,2025-10-13,37.22
INTC,2025-10-14,35.63
INTC,2025-10-15,37.15
INTC,2025-10-16,36.84
INTC,2025-10-17,37.01
INTC,2025-10-20,38.1
INTC,2025-10-21,38.12
INTC,2025-10-22,36.92
INTC,2025-10-23,38.16
INTC,2025-10-24,38.28
INTC,2025-10-27,39.54
INTC,2025-10-28,41.53
INTC,2025-10-29,41.34
INTC,2025-10-30,40.16
INTC,2025-10-31,39.99
INTC,2025-11-03,39.5
INTC,2025-11-04,37.03
INTC,2025-11-05,38.38
INTC,2025-11-06,37.24
INTC,2025-11-07,38.13
INTC,2025-11-10,38.45
INTC,2025-11-11,37.88
INTC,2025-11-12,37.89
INTC,2025-11-13,35.91
INTC,2025-11-14,35.52
INTC,2025-11-17,34.71
INTC,2025-11-18,34.33
INTC,2025-11-19,35.11
INTC,2025-11-20,33.62
INTC,2025-11-21,34.5
INTC,2025-11-24,35.79
INTC,2025-11-25,35.83
INTC,2025-11-26,36.81
INTC,2025-11-28,40.56
INTC,2025-12-01,40.01
INTC,2025-12-02,43.47
INTC,2025-12-03,43.76
INTC,2025-12-04,40.5
INTC,2025-12-05,41.41
INTC,2025-12-08,40.3
INTC,2025-12-09,40.5
INTC,2025-12-10,40.78
INTC,2025-12-11,39.51
INTC,2025-12-12,37.81
INTC,2025-12-15,37.51
INTC,2025-12-16,37.31
INTC,2025-12-17,36.05
INTC,2025-12-18,36.28
INTC,2025-12-19,36.82
INTC,2025-12-22,36.37
INTC,2025-12-23,36.35
INTC,2025-12-24,36.16
INTC,2025-12-26,36.2
INTC,2025-12-29,36.68
INTC,2025-12-30,37.3
INTC,2025-12-31,36.9
INTC,2026-01-02,39.38
INTC,2026-01-05,39.37
INTC,2026-01-06,40.04
INTC,2026-01-07,42.63
INTC,2026-01-08,41.11
INTC,2026-01-09,45.55
INTC,2026-01-12,44.06
INTC,2026-01-13,47.29
INTC,2026-01-14,48.72
INTC,2026-01-15,48.32
INTC,2026-01-16,46.96
INTC,2026-01-20,48.56
INTC,2026-01-21,54.25
INTC,2026-01-22,54.32
INTC,2026-01-23,45.07
INTC,2026-01-26,42.49
INTC,2026-01-27,43.93
INTC,2026-01-28,48.78
INTC,2026-01-29,48.66
INTC,2026-01-30,46.47
INTC,2026-02-02,48.81
INTC,2026-02-03,49.25
INTC,2026-02-04,48.6
INTC,2026-02-05,48.24
INTC,2026-02-06,50.59
INTC,2026-02-09,50.24
INTC,2026-02-10,47.13
INTC,2026-02-11,48.29
INTC,2026-02-12,46.48
INTC,2026-02-13,46.79
INTC,2026-02-17,46.18
INTC,2026-02-18,45.46
INTC,2026-02-19,44.62
INTC,2026-02-20,44.11
INTC,2026-02-23,43.63
INTC,2026-02-24,46.12
INTC,2026-02-25,46.88
INTC,2026-02-26,45.46
INTC,2026-02-27,45.61
INTC,2026-03-02,45.5
INTC,2026-03-03,43.1
INTC,2026-03-04,45.58
INTC,2026-03-05,45.95
INTC,2026-03-06,43.42
INTC,2026-03-09,45.58
INTC,2026-03-10,46.78
INTC,2026-03-11,47.98
INTC,2026-03-12,45.25
INTC,2026-03-13,45.77
INTC,2026-03-16,45.76
INTC,2026-03-17,44.06
INTC,2026-03-18,45.03
INTC,2026-03-19,46.18
INTC,2026-03-20,43.87
INTC,2026-03-23,44.01
INTC,2026-03-24,44.06
INTC,2026-03-25,47.18
INTC,2026-03-26,44.1
INTC,2026-03-27,43.13
INTC,2026-03-30,41.19
INTC,2026-03-31,44.13
INTC,2026-04-01,48.03
INTC,2026-04-02,50.38
INTC,2026-04-06,50.78
INTC,2026-04-07,52.91
META,2025-10-01,716.1423
META,2025-10-02,725.8361
META,2025-10-03,709.3736
META,2025-10-06,714.4651
META,2025-10-07,711.8894
META,2025-10-08,716.6415
META,2025-10-09,732.2853
META,2025-10-10,704.1224
META,2025-10-13,714.505
META,2025-10-14,707.4668
META,2025-10-15,716.3519
META,2025-10-16,710.8811
META,2025-10-17,715.723
META,2025-10-20,730.9475
META,2025-10-21,732.0457
META,2025-10-22,732.1854
META,2025-10-23,732.7745
META,2025-10-24,737.1272
META,2025-10-27,749.5663
META,2025-10-28,750.1854
META,2025-10-29,750.4149
META,2025-10-30,665.3572
META,2025-10-31,647.2675
META,2025-11-03,636.6453
META,2025-11-04,626.2726
META,2025-11-05,634.8882
META,2025-11-06,617.9066
META,2025-11-07,620.6719
META,2025-11-10,630.7052
META,2025-11-11,626.033
META,2025-11-12,607.9932
META,2025-11-13,608.8717
META,2025-11-14,608.4424
META,2025-11-17,601.0048
META,2025-11-18,596.6921
META,2025-11-19,589.3344
META,2025-11-20,588.1663
META,2025-11-21,593.2578
META,2025-11-24,612.0264
META,2025-11-25,635.1577
META,2025-11-26,632.5521
META,2025-11-28,646.8682
META,2025-12-01,639.7999
META,2025-12-02,646.0195
META,2025-12-03,638.532
META,2025-12-04,660.4255
META,2025-12-05,672.2956
META,2025-12-08,665.6866
META,2025-12-09,655.8632
META,2025-12-10,649.0445
META,2025-12-11,651.6202
META,2025-12-12,643.1544
META,2025-12-15,646.9561
META,2025-12-16,656.5879
META,2025-12-17,648.9444
META,2025-12-18,663.8816
META,2025-12-19,658.2065
META,2025-12-22,660.9341
META,2025-12-23,664.3712
META,2025-12-24,666.9789
META,2025-12-26,662.7226
META,2025-12-29,658.1265
META,2025-12-30,665.3803
META,2025-12-31,659.5253
META,2026-01-02,649.8536
META,2026-01-05,658.2264
META,2026-01-06,660.0549
META,2026-01-07,648.1351
META,2026-01-08,645.5073
META,2026-01-09,652.5013
META,2026-01-12,641.4208
META,2026-01-13,630.5502
META,2026-01-14,614.9935
META,2026-01-15,620.2689
META,2026-01-16,619.7194
META,2026-01-20,603.6032
META,2026-01-21,612.4357
META,2026-01-22,647.076
META,2026-01-23,658.1965
META,2026-01-26,671.7848
META,2026-01-27,672.3943
META,2026-01-28,668.1579
META,2026-01-29,737.6784
META,2026-01-30,715.8871
META,2026-02-02,705.8057
META,2026-02-03,691.1083
META,2026-02-04,668.4177
META,2026-02-05,669.6367
META,2026-02-06,660.8942
META,2026-02-09,676.6406
META,2026-02-10,670.1462
META,2026-02-11,668.118
META,2026-02-12,649.2542
META,2026-02-13,639.2227
META,2026-02-17,638.7431
META,2026-02-18,642.6697
META,2026-02-19,644.2285
META,2026-02-20,655.0991
META,2026-02-23,636.7049
META,2026-02-24,638.7531
META,2026-02-25,653.1308
META,2026-02-26,656.448
META,2026-02-27,647.6255
META,2026-03-02,653.0009
META,2026-03-03,654.5197
META,2026-03-04,667.1588
META,2026-03-05,660.0049
META,2026-03-06,644.3083
META,2026-03-09,646.8362
META,2026-03-10,653.5105
META,2026-03-11,654.2998
META,2026-03-12,637.6341
META,2026-03-13,613.185
META,2026-03-16,627.45
META,2026-03-17,622.66
META,2026-03-18,615.68
META,2026-03-19,606.7
META,2026-03-20,593.66
META,2026-03-23,604.06
META,2026-03-24,592.92
META,2026-03-25,594.89
META,2026-03-26,547.54
META,2026-03-27,525.72
META,2026-03-30,536.38
META,2026-03-31,572.13
META,2026-04-01,579.23
META,2026-04-02,574.46
META,2026-04-06,573.02
META,2026-04-07,575.05
MSFT,2025-10-01,517.5578
MSFT,2025-10-02,513.6042
MSFT,2025-10-03,515.2075
MSFT,2025-10-06,526.3812
MSFT,2025-10-07,521.8101
MSFT,2025-10-08,522.6765
MSFT,2025-10-09,520.2367
MSFT,2025-10-10,508.8441
MSFT,2025-10-13,511.9213
MSFT,2025-10-14,511.4432
MSFT,2025-10-15,511.3038
MSFT,2025-10-16,509.4913
MSFT,2025-10-17,511.4532
MSFT,2025-10-20,514.6498
MSFT,2025-10-21,515.5163
MSFT,2025-10-22,518.3843
MSFT,2025-10-23,518.4043
MSFT,2025-10-24,521.4417
MSFT,2025-10-27,529.319
MSFT,2025-10-28,539.8252
MSFT,2025-10-29,539.3073
MSFT,2025-10-30,523.5828
MSFT,2025-10-31,515.6656
MSFT,2025-11-03,514.8889
MSFT,2025-11-04,512.2001
MSFT,2025-11-05,505.0598
MSFT,2025-11-06,495.0414
MSFT,2025-11-07,494.7626
MSFT,2025-11-10,503.9046
MSFT,2025-11-11,506.5735
MSFT,2025-11-12,509.0233
MSFT,2025-11-13,501.2058
MSFT,2025-11-14,508.0673
MSFT,2025-11-17,505.3884
MSFT,2025-11-18,491.7452
MSFT,2025-11-19,485.1028
MSFT,2025-11-20,477.3405
MSFT,2025-11-21,471.0449
MSFT,2025-11-24,472.9206
MSFT,2025-11-25,475.9037
MSFT,2025-11-26,484.3944
MSFT,2025-11-28,490.8896
MSFT,2025-12-01,485.6316
MSFT,2025-12-02,488.8842
MSFT,2025-12-03,476.6421
MSFT,2025-12-04,479.745
MSFT,2025-12-05,482.0597
MSFT,2025-12-08,489.9018
MSFT,2025-12-09,490.8995
MSFT,2025-12-10,477.4702
MSFT,2025-12-11,482.369
MSFT,2025-12-12,477.4403
MSFT,2025-12-15,473.7387
MSFT,2025-12-16,475.3051
MSFT,2025-12-17,475.0357
MSFT,2025-12-18,482.8779
MSFT,2025-12-19,484.8134
MSFT,2025-12-22,483.8157
MSFT,2025-12-23,485.7413
MSFT,2025-12-24,486.9086
MSFT,2025-12-26,486.5994
MSFT,2025-12-29,485.9908
MSFT,2025-12-30,486.3699
MSFT,2025-12-31,482.5187
MSFT,2026-01-02,471.863
MSFT,2026-01-05,471.7732
MSFT,2026-01-06,477.4203
MSFT,2026-01-07,482.369
MSFT,2026-01-08,477.0212
MSFT,2026-01-09,478.1886
MSFT,2026-01-12,476.0933
MSFT,2026-01-13,469.5982
MSFT,2026-01-14,458.3339
MSFT,2026-01-15,455.6201
MSFT,2026-01-16,458.8128
MSFT,2026-01-20,453.4849
MSFT,2026-01-21,443.0986
MSFT,2026-01-22,450.1126
MSFT,2026-01-23,464.8889
MSFT,2026-01-26,469.209
MSFT,2026-01-27,479.4856
MSFT,2026-01-28,480.5332
MSFT,2026-01-29,432.5128
MSFT,2026-01-30,429.3101
MSFT,2026-02-02,422.4059
MSFT,2026-02-03,410.2736
MSFT,2026-02-04,413.2468
MSFT,2026-02-05,392.7735
MSFT,2026-02-06,400.2265
MSFT,2026-02-09,412.6581
MSFT,2026-02-10,412.3289
MSFT,2026-02-11,403.4491
MSFT,2026-02-12,400.9249
MSFT,2026-02-13,400.4061
MSFT,2026-02-17,395.9562
MSFT,2026-02-18,398.69
MSFT,2026-02-19,398.46
MSFT,2026-02-20,397.23
MSFT,2026-02-23,384.47
MSFT,2026-02-24,389.0
MSFT,2026-02-25,400.6
MSFT,2026-02-26,401.72
MSFT,2026-02-27,392.74
MSFT,2026-03-02,398.55
MSFT,2026-03-03,403.93
MSFT,2026-03-04,405.2
MSFT,2026-03-05,410.68
MSFT,2026-03-06,408.96
MSFT,2026-03-09,409.41
MSFT,2026-03-10,405.76
MSFT,2026-03-11,404.88
MSFT,2026-03-12,401.86
MSFT,2026-03-13,395.55
MSFT,2026-03-16,399.95
MSFT,2026-03-17,399.41
MSFT,2026-03-18,391.79
MSFT,2026-03-19,389.02
MSFT,2026-03-20,381.87
MSFT,2026-03-23,383.0
MSFT,2026-03-24,372.74
MSFT,2026-03-25,371.04
MSFT,2026-03-26,365.97
MSFT,2026-03-27,356.77
MSFT,2026-03-30,358.96
MSFT,2026-03-31,370.17
MSFT,2026-04-01,369.37
MSFT,2026-04-02,373.46
MSFT,2026-04-06,372.88
MSFT,2026-04-07,372.29
MU,2025-10-01,181.8861
MU,2025-10-02,183.4838
MU,2025-10-03,187.6753
MU,2025-10-06,190.8027
MU,2025-10-07,185.5371
MU,2025-10-08,196.3781
MU,2025-10-09,192.1716
MU,2025-10-10,181.4504
MU,2025-10-13,192.6113
MU,2025-10-14,186.9059
MU,2025-10-15,191.7819
MU,2025-10-16,202.3632
MU,2025-10-17,202.2133
MU,2025-10-20,206.5997
MU,2025-10-21,202.1234
MU,2025-10-22,198.3065
MU,2025-10-23,206.5398
MU,2025-10-24,218.8396
MU,2025-10-27,219.9187
MU,2025-10-28,221.7272
MU,2025-10-29,226.4434
MU,2025-10-30,223.8255
MU,2025-10-31,223.5857
MU,2025-11-03,234.5067
MU,2025-11-04,217.8504
MU,2025-11-05,237.3044
MU,2025-11-06,238.1337
MU,2025-11-07,237.7241
MU,2025-11-10,253.0914
MU,2025-11-11,240.9114
MU,2025-11-12,244.6983
MU,2025-11-13,236.7549
MU,2025-11-14,246.6267
MU,2025-11-17,241.7507
MU,2025-11-18,228.3118
MU,2025-11-19,225.7339
MU,2025-11-20,201.2041
MU,2025-11-21,207.1992
MU,2025-11-24,223.7456
MU,2025-11-25,224.3451
MU,2025-11-26,230.0704
MU,2025-11-28,236.2852
MU,2025-12-01,240.262
MU,2025-12-02,239.2928
MU,2025-12-03,233.9672
MU,2025-12-04,226.4633
MU,2025-12-05,237.0246
MU,2025-12-08,246.7166
MU,2025-12-09,252.2121
MU,2025-12-10,263.4928
MU,2025-12-11,258.2471
MU,2025-12-12,240.9414
MU,2025-12-15,237.3044
MU,2025-12-16,232.3185
MU,2025-12-17,225.3343
MU,2025-12-18,248.3453
MU,2025-12-19,265.701
MU,2025-12-22,276.3622
MU,2025-12-23,276.0425
MU,2025-12-24,286.4439
MU,2025-12-26,284.5555
MU,2025-12-29,294.2464
MU,2025-12-30,292.5071
MU,2025-12-31,285.2902
MU,2026-01-02,315.2876
MU,2026-01-05,312.0189
MU,2026-01-06,343.2858
MU,2026-01-07,339.4074
MU,2026-01-08,326.8827
MU,2026-01-09,344.9451
MU,2026-01-12,345.7248
MU,2026-01-13,337.988
MU,2026-01-14,333.21
MU,2026-01-15,336.4886
MU,2026-01-16,362.5977
MU,2026-01-20,364.8467
MU,2026-01-21,388.9466
MU,2026-01-22,397.413
MU,2026-01-23,399.4822
MU,2026-01-26,388.9266
MU,2026-01-27,410.0677
MU,2026-01-28,435.0972
MU,2026-01-29,435.607
MU,2026-01-30,414.7058
MU,2026-02-02,437.6161
MU,2026-02-03,419.2639
MU,2026-02-04,379.2407
MU,2026-02-05,382.7292
MU,2026-02-06,394.5243
MU,2026-02-09,383.339
MU,2026-02-10,373.0933
MU,2026-02-11,410.1677
MU,2026-02-12,413.7962
MU,2026-02-13,411.4872
MU,2026-02-17,399.6121
MU,2026-02-18,420.7733
MU,2026-02-19,417.1747
MU,2026-02-20,427.9902
MU,2026-02-23,420.7932
MU,2026-02-24,417.8345
MU,2026-02-25,428.8199
MU,2026-02-26,415.3855
MU,2026-02-27,412.1968
MU,2026-03-02,412.4967
MU,2026-03-03,379.5206
MU,2026-03-04,400.6017
MU,2026-03-05,396.8833
MU,2026-03-06,370.1445
MU,2026-03-09,389.1565
MU,2026-03-10,402.9407
MU,2026-03-11,418.5142
MU,2026-03-12,405.1798
MU,2026-03-13,425.9511
MU,2026-03-16,441.6145
MU,2026-03-17,461.4961
MU,2026-03-18,461.5361
MU,2026-03-19,444.0834
MU,2026-03-20,422.7224
MU,2026-03-23,404.1802
MU,2026-03-24,395.3639
MU,2026-03-25,381.9296
MU,2026-03-26,355.3107
MU,2026-03-27,357.07
MU,2026-03-30,321.8
MU,2026-03-31,337.84
MU,2026-04-01,367.85
MU,2026-04-02,366.24
MU,2026-04-06,377.76
MU,2026-04-07,377.58
NFLX,2025-10-01,117.09
NFLX,2025-10-02,116.253
NFLX,2025-10-03,115.332
NFLX,2025-10-06,116.331
NFLX,2025-10-07,119.106
NFLX,2025-10-08,121.425
NFLX,2025-10-09,123.107
NFLX,2025-10-10,122.008
NFLX,2025-10-13,121.903
NFLX,2025-10-14,121.535
NFLX,2025-10-15,120.329
NFLX,2025-10-16,118.359
NFLX,2025-10-17,119.936
NFLX,2025-10-20,123.856
NFLX,2025-10-21,124.135
NFLX,2025-10-22,111.637
NFLX,2025-10-23,111.359
NFLX,2025-10-24,109.469
NFLX,2025-10-27,109.456
NFLX,2025-10-28,110.25
NFLX,2025-10-29,110.041
NFLX,2025-10-30,108.9
NFLX,2025-10-31,111.886
NFLX,2025-11-03,110.009
NFLX,2025-11-04,109.296
NFLX,2025-11-05,109.846
NFLX,2025-11-06,109.702
NFLX,2025-11-07,110.366
NFLX,2025-11-10,112.007
NFLX,2025-11-11,113.644
NFLX,2025-11-12,115.75
NFLX,2025-11-13,115.423
NFLX,2025-11-14,111.217
NFLX,2025-11-17,110.29
NFLX,2025-11-18,114.09
NFLX,2025-11-19,110.0
NFLX,2025-11-20,105.67
NFLX,2025-11-21,104.31
NFLX,2025-11-24,106.97
NFLX,2025-11-25,104.4
NFLX,2025-11-26,106.14
NFLX,2025-11-28,107.58
NFLX,2025-12-01,109.13
NFLX,2025-12-02,109.35
NFLX,2025-12-03,103.96
NFLX,2025-12-04,103.22
NFLX,2025-12-05,100.24
NFLX,2025-12-08,96.79
NFLX,2025-12-09,96.71
NFLX,2025-12-10,92.71
NFLX,2025-12-11,94.09
NFLX,2025-12-12,95.19
NFLX,2025-12-15,93.77
NFLX,2025-12-16,94.57
NFLX,2025-12-17,94.79
NFLX,2025-12-18,94.0
NFLX,2025-12-19,94.39
NFLX,2025-12-22,93.23
NFLX,2025-12-23,93.5
NFLX,2025-12-24,93.64
NFLX,2025-12-26,94.47
NFLX,2025-12-29,94.15
NFLX,2025-12-30,93.78
NFLX,2025-12-31,93.76
NFLX,2026-01-02,90.99
NFLX,2026-01-05,91.46
NFLX,2026-01-06,90.65
NFLX,2026-01-07,90.73
NFLX,2026-01-08,90.53
NFLX,2026-01-09,89.46
NFLX,2026-01-12,89.41
NFLX,2026-01-13,90.32
NFLX,2026-01-14,88.55
NFLX,2026-01-15,88.05
NFLX,2026-01-16,88.0
NFLX,2026-01-20,87.26
NFLX,2026-01-21,85.36
NFLX,2026-01-22,83.54
NFLX,2026-01-23,86.12
NFLX,2026-01-26,85.7
NFLX,2026-01-27,85.58
NFLX,2026-01-28,84.64
NFLX,2026-01-29,83.16
NFLX,2026-01-30,83.49
NFLX,2026-02-02,82.76
NFLX,2026-02-03,79.94
NFLX,2026-02-04,80.16
NFLX,2026-02-05,80.87
NFLX,2026-02-06,82.2
NFLX,2026-02-09,81.47
NFLX,2026-02-10,82.21
NFLX,2026-02-11,79.62
NFLX,2026-02-12,75.86
NFLX,2026-02-13,76.87
NFLX,2026-02-17,77.0
NFLX,2026-02-18,77.99
NFLX,2026-02-19,77.0
NFLX,2026-02-20,78.67
NFLX,2026-02-23,76.02
NFLX,2026-02-24,78.04
NFLX,2026-02-25,82.7
NFLX,2026-02-26,84.59
NFLX,2026-02-27,96.24
NFLX,2026-03-02,97.09
NFLX,2026-03-03,97.7
NFLX,2026-03-04,98.66
NFLX,2026-03-05,99.17
NFLX,2026-03-06,99.02
NFLX,2026-03-09,98.32
NFLX,2026-03-10,96.94
NFLX,2026-03-11,94.89
NFLX,2026-03-12,94.31
NFLX,2026-03-13,95.31
NFLX,2026-03-16,95.2
NFLX,2026-03-17,94.36
NFLX,2026-03-18,94.7
NFLX,2026-03-19,91.74
NFLX,2026-03-20,91.82
NFLX,2026-03-23,93.38
NFLX,2026-03-24,90.92
NFLX,2026-03-25,92.28
NFLX,2026-03-26,93.32
NFLX,2026-03-27,93.43
NFLX,2026-03-30,92.97
NFLX,2026-03-31,96.15
NFLX,2026-04-01,95.55
NFLX,2026-04-02,98.66
NFLX,2026-04-06,98.93
NFLX,2026-04-07,98.82
NVDA,2025-10-01,187.2195
NVDA,2025-10-02,188.8693
NVDA,2025-10-03,187.5994
NVDA,2025-10-06,185.5196
NVDA,2025-10-07,185.0197
NVDA,2025-10-08,189.0892
NVDA,2025-10-09,192.5489
NVDA,2025-10-10,183.1399
NVDA,2025-10-13,188.2993
NVDA,2025-10-14,180.0102
NVDA,2025-10-15,179.8103
NVDA,2025-10-16,181.79
NVDA,2025-10-17,183.1999
NVDA,2025-10-20,182.6199
NVDA,2025-10-21,181.1401
NVDA,2025-10-22,180.2602
NVDA,2025-10-23,182.14
NVDA,2025-10-24,186.2395
NVDA,2025-10-27,191.469
NVDA,2025-10-28,201.0079
NVDA,2025-10-29,207.0173
NVDA,2025-10-30,202.8677
NVDA,2025-10-31,202.4678
NVDA,2025-11-03,206.8573
NVDA,2025-11-04,198.6682
NVDA,2025-11-05,195.1886
NVDA,2025-11-06,188.0594
NVDA,2025-11-07,188.1293
NVDA,2025-11-10,199.0282
NVDA,2025-11-11,193.1388
NVDA,2025-11-12,193.7787
NVDA,2025-11-13,186.8395
NVDA,2025-11-14,190.1491
NVDA,2025-11-17,186.5795
NVDA,2025-11-18,181.3401
NVDA,2025-11-19,186.4995
NVDA,2025-11-20,180.6202
NVDA,2025-11-21,178.8604
NVDA,2025-11-24,182.53
NVDA,2025-11-25,177.8005
NVDA,2025-11-26,180.2402
NVDA,2025-11-28,176.9806
NVDA,2025-12-01,179.9003
NVDA,2025-12-02,181.4401
NVDA,2025-12-03,179.5703
NVDA,2025-12-04,183.3701
NVDA,2025-12-05,182.4001
NVDA,2025-12-08,185.54
NVDA,2025-12-09,184.96
NVDA,2025-12-10,183.7701
NVDA,2025-12-11,180.9202
NVDA,2025-12-12,175.0105
NVDA,2025-12-15,176.2805
NVDA,2025-12-16,177.7104
NVDA,2025-12-17,170.9308
NVDA,2025-12-18,174.1306
NVDA,2025-12-19,180.9802
NVDA,2025-12-22,183.6801
NVDA,2025-12-23,189.1998
NVDA,2025-12-24,188.5998
NVDA,2025-12-26,190.5197
NVDA,2025-12-29,188.2098
NVDA,2025-12-30,187.5298
NVDA,2025-12-31,186.4899
NVDA,2026-01-02,188.8398
NVDA,2026-01-05,188.1098
NVDA,2026-01-06,187.2299
NVDA,2026-01-07,189.0998
NVDA,2026-01-08,185.03
NVDA,2026-01-09,184.85
NVDA,2026-01-12,184.93
NVDA,2026-01-13,185.7999
NVDA,2026-01-14,183.1301
NVDA,2026-01-15,187.0399
NVDA,2026-01-16,186.2199
NVDA,2026-01-20,178.0604
NVDA,2026-01-21,183.3101
NVDA,2026-01-22,184.83
NVDA,2026-01-23,187.6598
NVDA,2026-01-26,186.4599
NVDA,2026-01-27,188.5098
NVDA,2026-01-28,191.5096
NVDA,2026-01-29,192.4996
NVDA,2026-01-30,191.1197
NVDA,2026-02-02,185.6
NVDA,2026-02-03,180.3302
NVDA,2026-02-04,174.1806
NVDA,2026-02-05,171.8707
NVDA,2026-02-06,185.4
NVDA,2026-02-09,190.0297
NVDA,2026-02-10,188.5298
NVDA,2026-02-11,190.0397
NVDA,2026-02-12,186.9299
NVDA,2026-02-13,182.8001
NVDA,2026-02-17,184.96
NVDA,2026-02-18,187.9698
NVDA,2026-02-19,187.8898
NVDA,2026-02-20,189.8097
NVDA,2026-02-23,191.5396
NVDA,2026-02-24,192.8396
NVDA,2026-02-25,195.5494
NVDA,2026-02-26,184.88
NVDA,2026-02-27,177.1804
NVDA,2026-03-02,182.4701
NVDA,2026-03-03,180.0403
NVDA,2026-03-04,183.0301
NVDA,2026-03-05,183.3301
NVDA,2026-03-06,177.8104
NVDA,2026-03-09,182.6401
NVDA,2026-03-10,184.76
NVDA,2026-03-11,186.03
NVDA,2026-03-12,183.14
NVDA,2026-03-13,180.25
NVDA,2026-03-16,183.22
NVDA,2026-03-17,181.93
NVDA,2026-03-18,180.4
NVDA,2026-03-19,178.56
NVDA,2026-03-20,172.7
NVDA,2026-03-23,175.64
NVDA,2026-03-24,175.2
NVDA,2026-03-25,178.68
NVDA,2026-03-26,171.24
NVDA,2026-03-27,167.52
NVDA,2026-03-30,165.17
NVDA,2026-03-31,174.4
NVDA,2026-04-01,175.75
NVDA,2026-04-02,177.39
NVDA,2026-04-06,177.64
NVDA,2026-04-07,178.1
PLTR,2025-10-01,184.95
PLTR,2025-10-02,187.05
PLTR,2025-10-03,173.07
PLTR,2025-10-06,179.53
PLTR,2025-10-07,182.17
PLTR,2025-10-08,183.56
PLTR,2025-10-09,185.47
PLTR,2025-10-10,175.44
PLTR,2025-10-13,177.21
PLTR,2025-10-14,179.74
PLTR,2025-10-15,179.62
PLTR,2025-10-16,178.12
PLTR,2025-10-17,178.15
PLTR,2025-10-20,181.59
PLTR,2025-10-21,181.51
PLTR,2025-10-22,175.49
PLTR,2025-10-23,180.48
PLTR,2025-10-24,184.63
PLTR,2025-10-27,189.18
PLTR,2025-10-28,189.6
PLTR,2025-10-29,198.81
PLTR,2025-10-30,194.55
PLTR,2025-10-31,200.47
PLTR,2025-11-03,207.18
PLTR,2025-11-04,190.74
PLTR,2025-11-05,187.9
PLTR,2025-11-06,175.05
PLTR,2025-11-07,177.93
PLTR,2025-11-10,193.61
PLTR,2025-11-11,190.96
PLTR,2025-11-12,184.17
PLTR,2025-11-13,172.14
PLTR,2025-11-14,174.01
PLTR,2025-11-17,171.25
PLTR,2025-11-18,167.33
PLTR,2025-11-19,165.42
PLTR,2025-11-20,155.745
PLTR,2025-11-21,154.85
PLTR,2025-11-24,162.25
PLTR,2025-11-25,163.55
PLTR,2025-11-26,165.77
PLTR,2025-11-28,168.45
PLTR,2025-12-01,167.49
PLTR,2025-12-02,170.69
PLTR,2025-12-03,176.08
PLTR,2025-12-04,177.92
PLTR,2025-12-05,181.76
PLTR,2025-12-08,181.49
PLTR,2025-12-09,181.84
PLTR,2025-12-10,187.91
PLTR,2025-12-11,187.54
PLTR,2025-12-12,183.57
PLTR,2025-12-15,183.25
PLTR,2025-12-16,187.75
PLTR,2025-12-17,177.29
PLTR,2025-12-18,185.69
PLTR,2025-12-19,193.38
PLTR,2025-12-22,193.98
PLTR,2025-12-23,194.13
PLTR,2025-12-24,194.17
PLTR,2025-12-26,188.71
PLTR,2025-12-29,184.18
PLTR,2025-12-30,180.84
PLTR,2025-12-31,177.75
PLTR,2026-01-02,167.86
PLTR,2026-01-05,174.04
PLTR,2026-01-06,179.71
PLTR,2026-01-07,181.68
PLTR,2026-01-08,176.86
PLTR,2026-01-09,177.49
PLTR,2026-01-12,179.41
PLTR,2026-01-13,178.96
PLTR,2026-01-14,178.4
PLTR,2026-01-15,177.07
PLTR,2026-01-16,170.96
PLTR,2026-01-20,168.53
PLTR,2026-01-21,165.33
PLTR,2026-01-22,165.9
PLTR,2026-01-23,169.6
PLTR,2026-01-26,167.47
PLTR,2026-01-27,165.7
PLTR,2026-01-28,157.35
PLTR,2026-01-29,151.86
PLTR,2026-01-30,146.59
PLTR,2026-02-02,147.76
PLTR,2026-02-03,157.88
PLTR,2026-02-04,139.54
PLTR,2026-02-05,130.01
PLTR,2026-02-06,135.9
PLTR,2026-02-09,142.91
PLTR,2026-02-10,139.51
PLTR,2026-02-11,135.68
PLTR,2026-02-12,129.13
PLTR,2026-02-13,131.41
PLTR,2026-02-17,133.02
PLTR,2026-02-18,135.38
PLTR,2026-02-19,134.89
PLTR,2026-02-20,135.24
PLTR,2026-02-23,130.6
PLTR,2026-02-24,128.84
PLTR,2026-02-25,134.19
PLTR,2026-02-26,135.94
PLTR,2026-02-27,137.19
PLTR,2026-03-02,145.17
PLTR,2026-03-03,147.22
PLTR,2026-03-04,153.19
PLTR,2026-03-05,152.67
PLTR,2026-03-06,157.16
PLTR,2026-03-09,156.43
PLTR,2026-03-10,151.14
PLTR,2026-03-11,151.6
PLTR,2026-03-12,153.5
PLTR,2026-03-13,150.95
PLTR,2026-03-16,152.72
PLTR,2026-03-17,155.08
PLTR,2026-03-18,152.77
PLTR,2026-03-19,155.68
PLTR,2026-03-20,150.68
PLTR,2026-03-23,160.84
PLTR,2026-03-24,154.78
PLTR,2026-03-25,154.96
PLTR,2026-03-26,147.56
PLTR,2026-03-27,143.06
PLTR,2026-03-30,137.55
PLTR,2026-03-31,146.28
PLTR,2026-04-01,146.49
PLTR,2026-04-02,148.46
PLTR,2026-04-06,147.93
PLTR,2026-04-07,150.07
TSLA,2025-10-01,459.46
TSLA,2025-10-02,436.0
TSLA,2025-10-03,429.83
TSLA,2025-10-06,453.25
TSLA,2025-10-07,433.09
TSLA,2025-10-08,438.69
TSLA,2025-10-09,435.54
TSLA,2025-10-10,413.49
TSLA,2025-10-13,435.9
TSLA,2025-10-14,429.24
TSLA,2025-10-15,435.15
TSLA,2025-10-16,428.75
TSLA,2025-10-17,439.31
TSLA,2025-10-20,447.43
TSLA,2025-10-21,442.6
TSLA,2025-10-22,438.97
TSLA,2025-10-23,448.98
TSLA,2025-10-24,433.72
TSLA,2025-10-27,452.42
TSLA,2025-10-28,460.55
TSLA,2025-10-29,461.51
TSLA,2025-10-30,440.1
TSLA,2025-10-31,456.56
TSLA,2025-11-03,468.37
TSLA,2025-11-04,444.26
TSLA,2025-11-05,462.07
TSLA,2025-11-06,445.91
TSLA,2025-11-07,429.52
TSLA,2025-11-10,445.23
TSLA,2025-11-11,439.62
TSLA,2025-11-12,430.6
TSLA,2025-11-13,401.99
TSLA,2025-11-14,404.35
TSLA,2025-11-17,408.92
TSLA,2025-11-18,401.25
TSLA,2025-11-19,403.99
TSLA,2025-11-20,395.23
TSLA,2025-11-21,391.09
TSLA,2025-11-24,417.78
TSLA,2025-11-25,419.4
TSLA,2025-11-26,426.58
TSLA,2025-11-28,430.17
TSLA,2025-12-01,430.14
TSLA,2025-12-02,429.24
TSLA,2025-12-03,446.74
TSLA,2025-12-04,454.53
TSLA,2025-12-05,455.0
TSLA,2025-12-08,439.58
TSLA,2025-12-09,445.17
TSLA,2025-12-10,451.45
TSLA,2025-12-11,446.89
TSLA,2025-12-12,458.96
TSLA,2025-12-15,475.31
TSLA,2025-12-16,489.88
TSLA,2025-12-17,467.26
TSLA,2025-12-18,483.37
TSLA,2025-12-19,481.2
TSLA,2025-12-22,488.73
TSLA,2025-12-23,485.56
TSLA,2025-12-24,485.4
TSLA,2025-12-26,475.19
TSLA,2025-12-29,459.64
TSLA,2025-12-30,454.43
TSLA,2025-12-31,449.72
TSLA,2026-01-02,438.07
TSLA,2026-01-05,451.67
TSLA,2026-01-06,432.96
TSLA,2026-01-07,431.41
TSLA,2026-01-08,435.8
TSLA,2026-01-09,445.01
TSLA,2026-01-12,448.96
TSLA,2026-01-13,447.2
TSLA,2026-01-14,439.2
TSLA,2026-01-15,438.57
TSLA,2026-01-16,437.5
TSLA,2026-01-20,419.25
TSLA,2026-01-21,431.44
TSLA,2026-01-22,449.36
TSLA,2026-01-23,449.06
TSLA,2026-01-26,435.2
TSLA,2026-01-27,430.9
TSLA,2026-01-28,431.46
TSLA,2026-01-29,416.56
TSLA,2026-01-30,430.41
TSLA,2026-02-02,421.81
TSLA,2026-02-03,421.96
TSLA,2026-02-04,406.01
TSLA,2026-02-05,397.21
TSLA,2026-02-06,411.11
TSLA,2026-02-09,417.32
TSLA,2026-02-10,425.21
TSLA,2026-02-11,428.27
TSLA,2026-02-12,417.07
TSLA,2026-02-13,417.44
TSLA,2026-02-17,410.63
TSLA,2026-02-18,411.32
TSLA,2026-02-19,411.71
TSLA,2026-02-20,411.82
TSLA,2026-02-23,399.83
TSLA,2026-02-24,409.38
TSLA,2026-02-25,417.4
TSLA,2026-02-26,408.58
TSLA,2026-02-27,402.51
TSLA,2026-03-02,403.32
TSLA,2026-03-03,392.43
TSLA,2026-03-04,405.94
TSLA,2026-03-05,405.55
TSLA,2026-03-06,396.73
TSLA,2026-03-09,398.68
TSLA,2026-03-10,399.24
TSLA,2026-03-11,407.82
TSLA,2026-03-12,395.01
TSLA,2026-03-13,391.2
TSLA,2026-03-16,395.56
TSLA,2026-03-17,399.27
TSLA,2026-03-18,392.78
TSLA,2026-03-19,380.3
TSLA,2026-03-20,367.96
TSLA,2026-03-23,380.85
TSLA,2026-03-24,383.03
TSLA,2026-03-25,385.95
TSLA,2026-03-26,372.11
TSLA,2026-03-27,361.83
TSLA,2026-03-30,355.28
TSLA,2026-03-31,371.75
TSLA,2026-04-01,381.26
TSLA,2026-04-02,360.59
TSLA,2026-04-06,352.82
TSLA,2026-04-07,346.65
TSM,2025-10-01,286.8849
TSM,2025-10-02,286.5269
TSM,2025-10-03,290.5845
TSM,2025-10-06,300.7384
TSM,2025-10-07,292.4144
TSM,2025-10-08,302.8467
TSM,2025-10-09,298.2323
TSM,2025-10-10,279.1179
TSM,2025-10-13,301.2257
TSM,2025-10-14,294.3139
TSM,2025-10-15,303.0357
TSM,2025-10-16,298.1925
TSM,2025-10-17,293.4586
TSM,2025-10-20,296.0642
TSM,2025-10-21,292.8918
TSM,2025-10-22,287.2927
TSM,2025-10-23,289.1325
TSM,2025-10-24,293.3393
TSM,2025-10-27,296.6112
TSM,2025-10-28,299.8732
TSM,2025-10-29,303.4136
TSM,2025-10-30,301.5539
TSM,2025-10-31,298.7792
TSM,2025-11-03,303.1849
TSM,2025-11-04,292.4343
TSM,2025-11-05,292.0266
TSM,2025-11-06,287.6507
TSM,2025-11-07,284.9258
TSM,2025-11-10,293.6476
TSM,2025-11-11,289.5701
TSM,2025-11-12,289.0231
TSM,2025-11-13,280.6494
TSM,2025-11-14,283.255
TSM,2025-11-17,280.4604
TSM,2025-11-18,276.383
TSM,2025-11-19,280.8185
TSM,2025-11-20,275.9752
TSM,2025-11-21,273.5486
TSM,2025-11-24,283.076
TSM,2025-11-25,283.1158
TSM,2025-11-26,288.3668
TSM,2025-11-28,289.9083
TSM,2025-12-01,286.0993
TSM,2025-12-02,290.485
TSM,2025-12-03,293.8266
TSM,2025-12-04,291.3204
TSM,2025-12-05,293.1006
TSM,2025-12-08,300.2113
TSM,2025-12-09,301.7429
TSM,2025-12-10,308.4359
TSM,2025-12-11,303.9934
TSM,2025-12-12,291.2194
TSM,2025-12-15,286.9315
TSM,2025-12-16,286.0639
TSM,2025-12-17,276.1818
TSM,2025-12-18,283.8801
TSM,2025-12-19,288.1381
TSM,2025-12-22,292.4559
TSM,2025-12-23,296.1156
TSM,2025-12-24,297.9604
TSM,2025-12-26,301.989
TSM,2025-12-29,300.0745
TSM,2025-12-30,298.7382
TSM,2025-12-31,303.0361
TSM,2026-01-02,318.7119
TSM,2026-01-05,321.3445
TSM,2026-01-06,326.5099
TSM,2026-01-07,317.7845
TSM,2026-01-08,317.1164
TSM,2026-01-09,322.7206
TSM,2026-01-12,330.8378
TSM,2026-01-13,330.2793
TSM,2026-01-14,326.1909
TSM,2026-01-15,340.6801
TSM,2026-01-16,341.4379
TSM,2026-01-20,326.2407
TSM,2026-01-21,325.2036
TSM,2026-01-22,326.4501
TSM,2026-01-23,333.929
TSM,2026-01-26,331.7751
TSM,2026-01-27,337.3893
TSM,2026-01-28,341.3382
TSM,2026-01-29,338.5959
TSM,2026-01-30,329.6312
TSM,2026-02-02,340.4008
TSM,2026-02-03,334.8066
TSM,2026-02-04,324.8247
TSM,2026-02-05,329.8007
TSM,2026-02-06,347.8698
TSM,2026-02-09,354.4113
TSM,2026-02-10,360.8931
TSM,2026-02-11,373.0388
TSM,2026-02-12,367.0657
TSM,2026-02-13,365.3306
TSM,2026-02-17,363.1767
TSM,2026-02-18,361.2421
TSM,2026-02-19,359.3773
TSM,2026-02-20,369.4988
TSM,2026-02-23,369.0002
TSM,2026-02-24,384.6661
TSM,2026-02-25,386.6405
TSM,2026-02-26,375.7512
TSM,2026-02-27,373.5275
TSM,2026-03-02,368.0728
TSM,2026-03-03,352.1378
TSM,2026-03-04,356.4356
TSM,2026-03-05,352.8657
TSM,2026-03-06,337.9378
TSM,2026-03-09,347.7202
TSM,2026-03-10,346.1147
TSM,2026-03-11,353.5637
TSM,2026-03-12,335.7639
TSM,2026-03-13,337.3594
TSM,2026-03-16,339.274
TSM,2026-03-17,345.98
TSM,2026-03-18,339.57
TSM,2026-03-19,338.79
TSM,2026-03-20,329.24
TSM,2026-03-23,338.45
TSM,2026-03-24,343.25
TSM,2026-03-25,347.75
TSM,2026-03-26,326.11
TSM,2026-03-27,326.74
TSM,2026-03-30,316.5
TSM,2026-03-31,337.95
TSM,2026-04-01,341.49
TSM,2026-04-02,339.04
TSM,2026-04-06,341.76
TSM,2026-04-07,345.32
